"";"volumeInfo.title";"volumeInfo.subtitle";"volumeInfo.authors";"volumeInfo.publisher";"volumeInfo.publishedDate";"volumeInfo.description";"volumeInfo.pageCount";"volumeInfo.printType";"volumeInfo.categories";"volumeInfo.maturityRating";"volumeInfo.allowAnonLogging";"volumeInfo.contentVersion";"volumeInfo.language";"volumeInfo.previewLink";"volumeInfo.infoLink";"volumeInfo.canonicalVolumeLink";"volumeInfo.averageRating";"volumeInfo.ratingsCount";"volumeInfo.readingModes.text";"volumeInfo.readingModes.image";"volumeInfo.imageLinks.smallThumbnail";"volumeInfo.imageLinks.thumbnail";"volumeInfo.panelizationSummary.containsEpubBubbles";"volumeInfo.panelizationSummary.containsImageBubbles"
"1";"Précis d'un cours élémentaire de philosophie";"1845";"Charles Bénard";"Editions L'Harmattan";"2007";"L'enseignement du professeur de lycée Charles Bénard (1807-1898) s'appuie sur un programme divisé en 3 domaines : la logique, la morale et la psychologie avec comme complément l'histoire de la philosophie. Il définit la psychologie comme l'étude des facultés intellectuelles et morales de l'homme.";439;"BOOK";"Philosophie";"NOT_MATURE";FALSE;"preview-1.0.0";"fr";"http://books.google.fr/books?id=SND1m0n8XngC&printsec=frontcover&dq=subject:Psychologie&hl=&as_pt=BOOKS&cd=1&source=gbs_api";"http://books.google.fr/books?id=SND1m0n8XngC&dq=subject:Psychologie&hl=&as_pt=BOOKS&source=gbs_api";"https://books.google.com/books/about/Pr%C3%A9cis_d_un_cours_%C3%A9l%C3%A9mentaire_de_phil.html?hl=&id=SND1m0n8XngC";NA;NA;FALSE;TRUE;"http://books.google.com/books/content?id=SND1m0n8XngC&printsec=frontcover&img=1&zoom=5&edge=curl&source=gbs_api";"http://books.google.com/books/content?id=SND1m0n8XngC&printsec=frontcover&img=1&zoom=1&edge=curl&source=gbs_api";NA;NA
"2";"La naissance de la psychologie";NA;"Paul Mengal";"Editions L'Harmattan";"2005";"La psychologie reste muette sur ses origines. Les histoires traditionnelles de cette discipline convoquent, pour en décrire les commencements, soit les grands discours philosophiques rationalistes ou empiristes sur l'âme (sa nature et sa destinée), soit, dans une perspective plus scientiste, la constitution d'une science expérimentale et positive du psychisme. Dans les deux cas, quelque chose échappe l'archéologie même de la psychologie, c'est-à-dire la manière dont le discours sur l'âme a pu prendre sens dans un contexte historique donné. a voie choisie pour écrire cette archéologie est d'abord de décrire comment le terme même de psuchologia apparaît et se répand, entre la fin du XVIe siècle et le début du XVIIe siècle, notamment dans les universités réformées de Leyde aux Pays-Bas et de Marbourg en Allemagne. Cette recherche met en évidence comment se construit dans ces centres intellectuels une conception dualiste âme/corps à laquelle répondent au même moment d'autres systèmes de distinctions sociales, religieuses, juridiques :1'Eglise et l'Etat, l'homme intérieur et l'homme extérieur, le for interne et le for externe, etc. Ce grand système d'opposition, on sait à quel point Descartes lui donnera une formulation décisive. Mais il s'agit ici d'interroger, à propos de ce thème philosophique, ce que Foucault appellerait son niveau d'énoncé: comment l'évidence de la psychologie dépend d'un projet politique.";414;"BOOK";"Anthropologie philosophique";"NOT_MATURE";FALSE;"preview-1.0.0";"fr";"http://books.google.fr/books?id=WtAWrZYfE_oC&printsec=frontcover&dq=subject:Psychologie&hl=&as_pt=BOOKS&cd=2&source=gbs_api";"http://books.google.fr/books?id=WtAWrZYfE_oC&dq=subject:Psychologie&hl=&as_pt=BOOKS&source=gbs_api";"https://books.google.com/books/about/La_naissance_de_la_psychologie.html?hl=&id=WtAWrZYfE_oC";NA;NA;FALSE;TRUE;"http://books.google.com/books/content?id=WtAWrZYfE_oC&printsec=frontcover&img=1&zoom=5&edge=curl&source=gbs_api";"http://books.google.com/books/content?id=WtAWrZYfE_oC&printsec=frontcover&img=1&zoom=1&edge=curl&source=gbs_api";NA;NA
"3";"Manuel de psychologie du soin";NA;"Antoine Bioy,Damien Fouques";"Editions Bréal";"2002-01-01";"La qualité d'un sain ne recouvre pas uniquement les capacités techniques du praticien, elle dépend également des compétences humaines qui accompagnent un geste, une parole, une écoute. En effet, les métiers du soin s'inscrivent par nature dans une relation d'aide. Ils ont pour cadre la rencontre entre deux personnes : l'une en souffrance et l'autre en position de l'épauler, autour d'un objectif commun : le mieux-être. Ainsi, le soin touche à ce qui existe de plus intime, l'intégrité physique et mentale, et la psychologie apporte aux métiers concernés par cette intimité un savoir essentiel : l'approche humaine de l'individu. Ce manuel de psychologie du soin s'adresse à la fois aux futurs soignants (infirmières, aides-soignants, kinésithérapeutes, orthophonistes, ergothérapeutes, psychomotriciens, aides médico-psychologiques), aux travailleurs sociaux, mais aussi aux professionnels qui souhaitent enrichir leur pratique quotidienne auprès des patients. Conscients des besoins des praticiens et des étudiants, les auteurs ont voulu proposer un ouvrage complet et opérationnel. Ce manuel se veut donc à la fois un recueil de connaissances théoriques illustrées d'exemples cliniques, un ouvrage de réflexion sur divers aspects de la relation d'aide et enfin un outil adapté pour mieux vivre la pratique soignante, tant du point de vue du soigné (gérer les relations, stimuler la dynamique de vie...) que du soignant (maîtriser son stress, ses émotions...).";317;"BOOK";"";"NOT_MATURE";FALSE;"0.0.1.0.preview.1";"fr";"http://books.google.fr/books?id=Ly5TAzOiov0C&printsec=frontcover&dq=subject:Psychologie&hl=&as_pt=BOOKS&cd=3&source=gbs_api";"http://books.google.fr/books?id=Ly5TAzOiov0C&dq=subject:Psychologie&hl=&as_pt=BOOKS&source=gbs_api";"https://books.google.com/books/about/Manuel_de_psychologie_du_soin.html?hl=&id=Ly5TAzOiov0C";4;2;FALSE;TRUE;"http://books.google.com/books/content?id=Ly5TAzOiov0C&printsec=frontcover&img=1&zoom=5&edge=curl&source=gbs_api";"http://books.google.com/books/content?id=Ly5TAzOiov0C&printsec=frontcover&img=1&zoom=1&edge=curl&source=gbs_api";NA;NA
"4";"La formation en psychologie";"filiation bâtarde, transmission troublée";"Mercader";"Presses Universitaires Lyon";"2004";"Le propos de cet ouvrage est de théoriser d'abord en psychologues la formation universitaire en psychologie ; il est écrit par des enseignants qui traitent chacun à sa manière de ce qui, dans notre pratique, a pu faire énigme pour eux. La première partie du livre examine comment s'est construite la psychologie, sous deux angles complémentaires : une discipline universitaire relativement récente, à la filiation complexe, et un ensemble de pratiques professionnelles qui s'individualise et s'officialise progressivement. Ensuite, nous présentons et discutons certains dispositifs de formation des psychologues à Lyon. Ceci posé, l'accent est porté sur les relations imaginaires entre l'étudiant et l'enseignant et sur la dimension de renoncement ou de crise qu'implique toute acquisition de savoir nouveau (renoncement aux savoirs antérieurs, ou mise en crise de ces savoirs antérieurs), puis sur les relations entre le sujet en formation et la théorie elle-même. Enfin, nous proposons une mise en perspective de la psychologie, comme discipline et comme pratique, avec les demandes sociales qui ont présidé à son émergence et à son développement. Et c'est au nom de la différence que nous avons convié, pour terminer, des collègues d'ailleurs, autres disciplines, autres systèmes de référence, à nous lire et à nous répondre. La thèse essentielle qui traverse l'ouvrage est la suivante : dès lors qu'on admet que la formation en psychologie est un processus de transformation, il devient impossible de s'en tenir à un modèle d'enseignement classique, fondé sur la seule transmission d'un savoir nécessairement idéalisé, mais surtout livresque. D'une façon ou d'une autre, tous les dispositifs de formation à la psychologie doivent prendre en compte le modèle de la recherche, qui s'articule au contraire autour de l'énigme, de l'obstacle, de la perte, c'est-à-dire autour d'un non-savoir primordial (au double sens d'originaire et d'essentiel). Corrélativement, il doivent aussi s'ancrer sur des pratiques, dont la découverte et/ou l'analyse sont un pivot essentiel et de la formation et de la recherche. En travaillant sur la charnière entre engagement dans une pratique, d'une part, production et appropriation de connaissances, d'autre part, nous espérons avoir fait avancer une "" épistémologie de la recherche et de la formation impliquées "".";370;"BOOK";"";"NOT_MATURE";FALSE;"preview-1.0.0";"fr";"http://books.google.fr/books?id=Fmc9mynLzEkC&printsec=frontcover&dq=subject:Psychologie&hl=&as_pt=BOOKS&cd=4&source=gbs_api";"http://books.google.fr/books?id=Fmc9mynLzEkC&dq=subject:Psychologie&hl=&as_pt=BOOKS&source=gbs_api";"https://books.google.com/books/about/La_formation_en_psychologie.html?hl=&id=Fmc9mynLzEkC";NA;NA;FALSE;TRUE;"http://books.google.com/books/content?id=Fmc9mynLzEkC&printsec=frontcover&img=1&zoom=5&edge=curl&source=gbs_api";"http://books.google.com/books/content?id=Fmc9mynLzEkC&printsec=frontcover&img=1&zoom=1&edge=curl&source=gbs_api";NA;NA
"5";"Psychologie";"commencez avec les meilleurs professeurs";"Jean-Pierre Chartier";"Editions Eyrolles";"2007";"Initiation à la psychologie, avec une présentation des grandes matières qui l'illustrent : histoire, psychanalyse, psychologie clinique, psychopathologie, psychologie du développement, etc.";283;"BOOK";"";"NOT_MATURE";FALSE;"0.1.0.0.preview.1";"fr";"http://books.google.fr/books?id=b8jbZKJeWb8C&printsec=frontcover&dq=subject:Psychologie&hl=&as_pt=BOOKS&cd=5&source=gbs_api";"http://books.google.fr/books?id=b8jbZKJeWb8C&dq=subject:Psychologie&hl=&as_pt=BOOKS&source=gbs_api";"https://books.google.com/books/about/Psychologie.html?hl=&id=b8jbZKJeWb8C";NA;NA;FALSE;TRUE;"http://books.google.com/books/content?id=b8jbZKJeWb8C&printsec=frontcover&img=1&zoom=5&edge=curl&source=gbs_api";"http://books.google.com/books/content?id=b8jbZKJeWb8C&printsec=frontcover&img=1&zoom=1&edge=curl&source=gbs_api";NA;NA
"6";"Les métiers de la psychologie";NA;"Sylvie Chéneau,Brigitte Ourlin";"Editions l'Etudiant";"2006";"35 000. C'est le nombre approximatif de psychologues en France. Leur moyenne d'âge est de 44,8 ans. Trop ou pas assez de "" psy "" ? La question est au cœur du débat. Il semble que trop de jeunes psychologues diplômés débarquent chaque année sur le marché du travail. Pourtant l'Etat peine, par exemple, à recruter le nombre de psychologues scolaires nécessaire : 20 % des 3 250 postes restent vacants... 80 % des psychologues français sont des psychologues cliniciens. Les autres sont, pour l'essentiel, des psychologues du travail. C'est un domaine porteur : ils sont de plus en plus nombreux à faire carrière dans ce que l'on appelle les ressources humaines, où ils occupent les fonctions de recruteurs, responsables de la formation ou de la mobilité interne. Leurs revenus sont bien souvent supérieurs à ceux de leurs confrères de la santé et leurs chances de trouver un emploi stable, plus élevées... 2700 étudiants obtiennent chaque année leur master en psychologie et décrochent, de ce fait, le titre de psychologue. Ils sont pourtant près de 24 000 à s'inscrire en première année de licence, à chaque rentrée universitaire ; seuls 10 % d'entre eux iront donc au bout des cinq années d'études nécessaires à l'obtention du diplôme donnant le droit d'exercer en tant que psychologue. Toutefois, plusieurs professions sont ouvertes aux titulaires d'une licence en psychologie : psychologue scolaire, psychomotricien ou encore aide médico-psychologique.";246;"BOOK";"";"NOT_MATURE";FALSE;"0.0.1.0.preview.1";"fr";"http://books.google.fr/books?id=-U83ScvLVgMC&printsec=frontcover&dq=subject:Psychologie&hl=&as_pt=BOOKS&cd=6&source=gbs_api";"http://books.google.fr/books?id=-U83ScvLVgMC&dq=subject:Psychologie&hl=&as_pt=BOOKS&source=gbs_api";"https://books.google.com/books/about/Les_m%C3%A9tiers_de_la_psychologie.html?hl=&id=-U83ScvLVgMC";NA;NA;FALSE;TRUE;"http://books.google.com/books/content?id=-U83ScvLVgMC&printsec=frontcover&img=1&zoom=5&edge=curl&source=gbs_api";"http://books.google.com/books/content?id=-U83ScvLVgMC&printsec=frontcover&img=1&zoom=1&edge=curl&source=gbs_api";NA;NA
"7";"Manuel de psychologie à l'usage des soignants";"élèves des instituts de formation en soins infirmiers";"Hélène Harel-Biraud";"(DEPRECIATED)";"1994-01-01";"Savoir repenser ses attitudes, discerner mieux l'essentiel de l'accessoire, sortir de soi-même pour aller vers les autres, prendre les moyens de ses relations professionnelles mais aussi personnelles, se situer sereinement par rapport à la vieillesse et à la mort, être authentique et aussi se protéger sont des éléments auxquels tous les soignants sont conviés. Ce manuel apporte les bases qui permettront d'aider autrui, celui qui souffre dans son corps, dans son existence matérielle et sociale et toujours aussi dans sa tête. Il aborde les problèmes psychologiques spécifiques aux différentes phases de la vie ou touchant à la vie affective et à la maladie ; du fait des souffrances spécifiques qu'il engendre, le sida y trouve une place à part. La dimension spirituelle de la personne, l'importance d'accompagner les malades jusqu'au terme de leur existence et de là l'intérêt accru pour les soins palliatifs nécessitent une écoute de ce qui touche au sens. Outre les élèves des instituts de formation en soins infirmiers, toutes les personnes qui pratiquent une relation d'aide auront à cœur de lire cet ouvrage : soignants, psychologues, travailleurs sociaux, kinésithérapeutes, futurs médecins et même les parents.";169;"BOOK";"";"NOT_MATURE";FALSE;"1.3.1.0.preview.0";"fr";"http://books.google.fr/books?id=IT6DsmIMZl4C&dq=subject:Psychologie&hl=&as_pt=BOOKS&cd=7&source=gbs_api";"http://books.google.fr/books?id=IT6DsmIMZl4C&dq=subject:Psychologie&hl=&as_pt=BOOKS&source=gbs_api";"https://books.google.com/books/about/Manuel_de_psychologie_%C3%A0_l_usage_des_soi.html?hl=&id=IT6DsmIMZl4C";4;1;FALSE;FALSE;"http://books.google.com/books/content?id=IT6DsmIMZl4C&printsec=frontcover&img=1&zoom=5&source=gbs_api";"http://books.google.com/books/content?id=IT6DsmIMZl4C&printsec=frontcover&img=1&zoom=1&source=gbs_api";NA;NA
"8";"Psychologie du point de vue empirique";NA;"Franz Brentano,Maurice de Gandillac";"Librairie Philosophique J Vrin";"2008-01";"Dans son ouvrage de 1874, repris et complete en 1911, puis augmente a nouveau par une serie d'appendices tardifs, dans l'edition procuree par Oscar Kraus, en 1924, Brentano n'est pas seulement celui qui ouvre le dossier tres complet des questions psychologiques debattues dans l'apres-Kant et jusqu'a la fin du XIXe siecle, dans l'espace intellectuel germanique, mais aussi et principalement anglophone; pas seulement celui qui, a la faveur de la redefinition, a la fois tres ancienne et novatrice, des phenomenes psychiques, caracterises par l'inexistence intentionnelle de leur objet immanent, ouvre la voie a un nouveau developpement de la psychologie, ni rationnelle, ni experimentale, mais proprement empirique, celle-la meme qui se transformera ensuite en psychologie descriptive, puis phenomenologie; par la diversite de son Ecole, dont on mesure mieux aujourd'hui (au-dela de Husserl) le rayonnement et la fecondite (Stumpf, Ehrenfels, Marty, Meinong), par la richesse et le rayonnement de sa propre pensee en philosophie morale, theorie de la connaissance, logique, ontologie, Brentano est enfin reconnu en France - comme c'est deja le cas depuis longtemps dans beaucoup de pays anglosaxons - comme une figure majeure, apres Bolzano, de l'histoire de la philosophie autrichienne et comme un puissant interlocuteur encore present dans les debats les plus contemporains en philosophie de l'esprit ou en ontologie.";495;"BOOK";"Philosophy";"NOT_MATURE";FALSE;"preview-1.0.0";"fr";"http://books.google.fr/books?id=maf7PQAACAAJ&dq=subject:Psychologie&hl=&as_pt=BOOKS&cd=8&source=gbs_api";"http://books.google.fr/books?id=maf7PQAACAAJ&dq=subject:Psychologie&hl=&as_pt=BOOKS&source=gbs_api";"https://books.google.com/books/about/Psychologie_du_point_de_vue_empirique.html?hl=&id=maf7PQAACAAJ";NA;NA;FALSE;FALSE;"http://books.google.com/books/content?id=maf7PQAACAAJ&printsec=frontcover&img=1&zoom=5&source=gbs_api";"http://books.google.com/books/content?id=maf7PQAACAAJ&printsec=frontcover&img=1&zoom=1&source=gbs_api";NA;NA
"9";"L'homme cognitif";NA;"Annick Weil-Barais";NA;"2011";"Source de savoirs, offrant des pistes de réflexion et de travail très variées, ce manuel permet une confrontation des recherches sur les thèmes de la perception, de la communication, de la mémoire, de l'apprentissage, de la résolution de problème, de l'évaluation et du jugement. Ces développements sont accompagnés de très nombreux exemples et de références à des travaux reconnus qui aident à la compréhension des idées et donnent un aperçu des implications pratiques et sociales des connaissances acquises dans le champ de la psychologie.";600;"BOOK";"Cognition";"NOT_MATURE";FALSE;"preview-1.0.0";"fr";"http://books.google.fr/books?id=IJ36ZwEACAAJ&dq=subject:Psychologie&hl=&as_pt=BOOKS&cd=9&source=gbs_api";"http://books.google.fr/books?id=IJ36ZwEACAAJ&dq=subject:Psychologie&hl=&as_pt=BOOKS&source=gbs_api";"https://books.google.com/books/about/L_homme_cognitif.html?hl=&id=IJ36ZwEACAAJ";NA;NA;FALSE;FALSE;NA;NA;NA;NA
"10";"L'homme à la découverte de son âme";"structure et fonctionnement de l'inconscient";"Carl Gustav Jung,Roland Cahen";"Editions Albin Michel";"1987";"Enfin à la portée de tout ""honnête homme"" de tout être, de tout esprit curieux de lui-même, ce chef-d'œuvre capital, clair, sans jargon, simple et limpide dans sa langue, profond dans ses apports, ses découvertes, ses vérités, devenues aujourd'hui des évidences. A la fois nouveau bien que déjà classique, L'Homme à la découverte de son âme fut trop longtemps introuvable. Depuis toujours l'homme se débat, pour le meilleur comme pour le pire, avec ces plans vivants qu'il sent s'agiter et palpiter au tréfonds de lui-même et qu'il a épinglé du nom d'âme. Rendre accessible ce qui est de l'ordre de l'âme à l'approche expérimentale, tel fut, faits et preuves en main, le miracle paradoxalement réussi par Jung. C'est ce lien expérimental à l'inconscient : que le génie de Jung apporta en dot au génie de Freud dans la période de leur compagnonnage. Les complexes que Jung a mis en évidence, ces mélis-mélos, ignorés mais brûlants, de sensations et de besoins, ces nœuds, inconscients mais contraignants, d'idées, d'émotions et d'imaginations, sont à l'origine aussi bien du fameux complexe d'OEdipe que des enregistrements neurophysiologiques les plus modernes. lis révèlent, avec les rêves, attestés dans l'histoire sinon justement compris, la vie profonde, intense, bouleversante souvent, qui se déroule en tout être humain. Mais comme Einstein l'a souligné, il est, de nos jours, plus facile de faire exploser un atome que de se libérer d'un complexe ! L'Homme à la découverte de son âme ouvre de nouvelles portes aux déroulements intérieurs, à l'intériorité et l'élargit de l'expérimental au divin.";352;"BOOK";"Science";"NOT_MATURE";FALSE;"preview-1.0.0";"fr";"http://books.google.fr/books?id=XMnWAAAACAAJ&dq=subject:Psychologie&hl=&as_pt=BOOKS&cd=10&source=gbs_api";"http://books.google.fr/books?id=XMnWAAAACAAJ&dq=subject:Psychologie&hl=&as_pt=BOOKS&source=gbs_api";"https://books.google.com/books/about/L_homme_%C3%A0_la_d%C3%A9couverte_de_son_%C3%A2me.html?hl=&id=XMnWAAAACAAJ";NA;NA;FALSE;FALSE;"http://books.google.com/books/content?id=XMnWAAAACAAJ&printsec=frontcover&img=1&zoom=5&source=gbs_api";"http://books.google.com/books/content?id=XMnWAAAACAAJ&printsec=frontcover&img=1&zoom=1&source=gbs_api";NA;NA
"11";"Pourquoi les psychologues?";NA;"Marc Richelle";"Editions Mardaga";"1968";NA;200;"BOOK";"Psychology";"NOT_MATURE";FALSE;"0.0.1.0.preview.1";"fr";"http://books.google.fr/books?id=RWw0KE_fStcC&printsec=frontcover&dq=subject:Psychologie&hl=&as_pt=BOOKS&cd=11&source=gbs_api";"http://books.google.fr/books?id=RWw0KE_fStcC&dq=subject:Psychologie&hl=&as_pt=BOOKS&source=gbs_api";"https://books.google.com/books/about/Pourquoi_les_psychologues.html?hl=&id=RWw0KE_fStcC";NA;NA;FALSE;TRUE;"http://books.google.com/books/content?id=RWw0KE_fStcC&printsec=frontcover&img=1&zoom=5&edge=curl&source=gbs_api";"http://books.google.com/books/content?id=RWw0KE_fStcC&printsec=frontcover&img=1&zoom=1&edge=curl&source=gbs_api";NA;NA
"12";"L'invention de la psychologie moderne";NA;"Geneviève Paicheler";"Editions L'Harmattan";"1992-01-01";NA;350;"BOOK";"Psychology";"NOT_MATURE";FALSE;"0.1.1.0.preview.1";"en";"http://books.google.fr/books?id=AIYA5MmJ02wC&printsec=frontcover&dq=subject:Psychologie&hl=&as_pt=BOOKS&cd=12&source=gbs_api";"http://books.google.fr/books?id=AIYA5MmJ02wC&dq=subject:Psychologie&hl=&as_pt=BOOKS&source=gbs_api";"https://books.google.com/books/about/L_invention_de_la_psychologie_moderne.html?hl=&id=AIYA5MmJ02wC";NA;NA;FALSE;TRUE;"http://books.google.com/books/content?id=AIYA5MmJ02wC&printsec=frontcover&img=1&zoom=5&edge=curl&source=gbs_api";"http://books.google.com/books/content?id=AIYA5MmJ02wC&printsec=frontcover&img=1&zoom=1&edge=curl&source=gbs_api";NA;NA
"13";"L'enfant et le symbolique";"l'accès aux premières structures sémiotiques";"Clairelise Bonnet";"Vrin";"1980";NA;246;"BOOK";"Philosophy";"NOT_MATURE";FALSE;"0.0.1.0.preview.1";"fr";"http://books.google.fr/books?id=lutOkPni-VcC&printsec=frontcover&dq=subject:Psychologie&hl=&as_pt=BOOKS&cd=13&source=gbs_api";"http://books.google.fr/books?id=lutOkPni-VcC&dq=subject:Psychologie&hl=&as_pt=BOOKS&source=gbs_api";"https://books.google.com/books/about/L_enfant_et_le_symbolique.html?hl=&id=lutOkPni-VcC";NA;NA;FALSE;TRUE;"http://books.google.com/books/content?id=lutOkPni-VcC&printsec=frontcover&img=1&zoom=5&edge=curl&source=gbs_api";"http://books.google.com/books/content?id=lutOkPni-VcC&printsec=frontcover&img=1&zoom=1&edge=curl&source=gbs_api";NA;NA
"14";"Psychologie";"considérations sur des choses connues, essai de psychosynthèse";"H. A. Glauser";NA;"1950";NA;212;"BOOK";"Psychanalyse";"NOT_MATURE";FALSE;"preview-1.0.0";"fr";"http://books.google.fr/books?id=A47RAAAAMAAJ&dq=subject:Psychologie&hl=&as_pt=BOOKS&cd=14&source=gbs_api";"http://books.google.fr/books?id=A47RAAAAMAAJ&dq=subject:Psychologie&hl=&as_pt=BOOKS&source=gbs_api";"https://books.google.com/books/about/Psychologie.html?hl=&id=A47RAAAAMAAJ";NA;NA;FALSE;FALSE;"http://books.google.com/books/content?id=A47RAAAAMAAJ&printsec=frontcover&img=1&zoom=5&source=gbs_api";"http://books.google.com/books/content?id=A47RAAAAMAAJ&printsec=frontcover&img=1&zoom=1&source=gbs_api";NA;NA
"15";"Le mécanisme de l'esprit";NA;"André Cresson";NA;"1950";NA;216;"BOOK";"Intellect";"NOT_MATURE";FALSE;"0.0.1.0.preview.0";"fr";"http://books.google.fr/books?id=LjcdAQAAMAAJ&dq=subject:Psychologie&hl=&as_pt=BOOKS&cd=15&source=gbs_api";"http://books.google.fr/books?id=LjcdAQAAMAAJ&dq=subject:Psychologie&hl=&as_pt=BOOKS&source=gbs_api";"https://books.google.com/books/about/Le_m%C3%A9canisme_de_l_esprit.html?hl=&id=LjcdAQAAMAAJ";NA;NA;FALSE;FALSE;"http://books.google.com/books/content?id=LjcdAQAAMAAJ&printsec=frontcover&img=1&zoom=5&source=gbs_api";"http://books.google.com/books/content?id=LjcdAQAAMAAJ&printsec=frontcover&img=1&zoom=1&source=gbs_api";FALSE;FALSE
"16";"L'évolutionnisme des idées-forces";NA;"Alfred Fouillée";NA;"1890";NA;303;"BOOK";"Psychologie";"NOT_MATURE";FALSE;"0.0.2.0.preview.0";"fr";"http://books.google.fr/books?id=-r9WAAAAYAAJ&dq=subject:Psychologie&hl=&as_pt=BOOKS&cd=16&source=gbs_api";"http://books.google.fr/books?id=-r9WAAAAYAAJ&dq=subject:Psychologie&hl=&as_pt=BOOKS&source=gbs_api";"https://books.google.com/books/about/L_%C3%A9volutionnisme_des_id%C3%A9es_forces.html?hl=&id=-r9WAAAAYAAJ";NA;NA;FALSE;FALSE;"http://books.google.com/books/content?id=-r9WAAAAYAAJ&printsec=frontcover&img=1&zoom=5&source=gbs_api";"http://books.google.com/books/content?id=-r9WAAAAYAAJ&printsec=frontcover&img=1&zoom=1&source=gbs_api";FALSE;FALSE
"17";"La psychologie descriptive selon Frantz Brentano";NA;"Lucie Gilson";NA;"1955";NA;210;"BOOK";"Psychology";"NOT_MATURE";FALSE;"1.1.1.0.preview.0";"fr";"http://books.google.fr/books?id=i6kYAAAAIAAJ&dq=subject:Psychologie&hl=&as_pt=BOOKS&cd=17&source=gbs_api";"http://books.google.fr/books?id=i6kYAAAAIAAJ&dq=subject:Psychologie&hl=&as_pt=BOOKS&source=gbs_api";"https://books.google.com/books/about/La_psychologie_descriptive_selon_Frantz.html?hl=&id=i6kYAAAAIAAJ";NA;NA;FALSE;FALSE;"http://books.google.com/books/content?id=i6kYAAAAIAAJ&printsec=frontcover&img=1&zoom=5&source=gbs_api";"http://books.google.com/books/content?id=i6kYAAAAIAAJ&printsec=frontcover&img=1&zoom=1&source=gbs_api";NA;NA
"18";"La recherche en psychologie";"méthodologie et statistique";"Benoit Dardenne,Vincent Yzerbyt,Alex Haslam (psychologue),Craig McGarty";"Editions Academia";"2001";"Pourquoi un livre sur la recherche en psychologie ? Parce que très peu d'ouvrages rendent justice au processus de la recherche qui constitue pourtant le cœur même du travail de psychologie. L'objectif de ce manuel est de faire comprendre les étapes essentielles de ce processus : définir les motivations et les objectifs de la recherche, analyser les données de base, mener les expériences et, enfin, évaluer les résultats obtenus. Un livre clair et efficace les aspects méthodologiques et conceptuels de la recherche en psychologie sont les points de passage obligés vers la statistique. Sans exiger du lecteur des connaissances mathématiques très poussées, les auteurs permettent d'appréhender et d'utiliser les modèles statistiques les plus fréquemment rencontrés en psychologie. Ils abordent également quelques-uns des principes éthiques fondamentaux qui doivent guider toute recherche scientifique. Un livre didactique tout au long de l'ouvrage, questions et corrigés facilitent l'assimilation des notions développées. Un glossaire de tous les termes techniques rencontrés vient compléter ce manuel. Un livre-ressource indispensable pour qui, étudiant, chercheur, praticien ou honnête homme, s'intéresse de près ou de loin à la psychologie.";289;"BOOK";"";"NOT_MATURE";FALSE;"preview-1.0.0";"fr";"http://books.google.fr/books?id=Ipi1PAAACAAJ&dq=subject:Psychologie&hl=&as_pt=BOOKS&cd=18&source=gbs_api";"http://books.google.fr/books?id=Ipi1PAAACAAJ&dq=subject:Psychologie&hl=&as_pt=BOOKS&source=gbs_api";"https://books.google.com/books/about/La_recherche_en_psychologie.html?hl=&id=Ipi1PAAACAAJ";NA;NA;FALSE;FALSE;NA;NA;NA;NA
"19";"Couple amical et socialisation chez les jeunes écoliers";"étude comparative entre deux niveaux d'âge, 5-6 ans et 8-9 ans";"Claude Tous Saint-Marc";NA;"1981";NA;205;"BOOK";"Affinite";"NOT_MATURE";FALSE;"preview-1.0.0";"fr";"http://books.google.fr/books?id=zAvuAAAAMAAJ&dq=subject:Psychologie&hl=&as_pt=BOOKS&cd=19&source=gbs_api";"http://books.google.fr/books?id=zAvuAAAAMAAJ&dq=subject:Psychologie&hl=&as_pt=BOOKS&source=gbs_api";"https://books.google.com/books/about/Couple_amical_et_socialisation_chez_les.html?hl=&id=zAvuAAAAMAAJ";NA;NA;FALSE;FALSE;"http://books.google.com/books/content?id=zAvuAAAAMAAJ&printsec=frontcover&img=1&zoom=5&source=gbs_api";"http://books.google.com/books/content?id=zAvuAAAAMAAJ&printsec=frontcover&img=1&zoom=1&source=gbs_api";NA;NA
"20";"La psychologie dans le monde moderne";NA;"Philippe Muller";NA;"1964";NA;224;"BOOK";"Psychology";"NOT_MATURE";FALSE;"preview-1.0.0";"fr";"http://books.google.fr/books?id=4EhFAQAAIAAJ&dq=subject:Psychologie&hl=&as_pt=BOOKS&cd=20&source=gbs_api";"http://books.google.fr/books?id=4EhFAQAAIAAJ&dq=subject:Psychologie&hl=&as_pt=BOOKS&source=gbs_api";"https://books.google.com/books/about/La_psychologie_dans_le_monde_moderne.html?hl=&id=4EhFAQAAIAAJ";NA;NA;FALSE;FALSE;"http://books.google.com/books/content?id=4EhFAQAAIAAJ&printsec=frontcover&img=1&zoom=5&source=gbs_api";"http://books.google.com/books/content?id=4EhFAQAAIAAJ&printsec=frontcover&img=1&zoom=1&source=gbs_api";NA;NA
"21";"Psychologie et dialectique";"La spirale et le miroir, textes de 1926 à 1961";"Henri Wallon";"Messidor";"1990";NA;241;"BOOK";"Child psychology";"NOT_MATURE";FALSE;"preview-1.0.0";"fr";"http://books.google.fr/books?id=f_4tAAAAYAAJ&dq=subject:Psychologie&hl=&as_pt=BOOKS&cd=21&source=gbs_api";"http://books.google.fr/books?id=f_4tAAAAYAAJ&dq=subject:Psychologie&hl=&as_pt=BOOKS&source=gbs_api";"https://books.google.com/books/about/Psychologie_et_dialectique.html?hl=&id=f_4tAAAAYAAJ";NA;NA;FALSE;FALSE;"http://books.google.com/books/content?id=f_4tAAAAYAAJ&printsec=frontcover&img=1&zoom=5&source=gbs_api";"http://books.google.com/books/content?id=f_4tAAAAYAAJ&printsec=frontcover&img=1&zoom=1&source=gbs_api";NA;NA
"22";"Psychologie de l'esthétique";NA;"Robert Francès";NA;"1968";NA;204;"BOOK";"Aesthetics";"NOT_MATURE";FALSE;"1.1.1.0.preview.0";"fr";"http://books.google.fr/books?id=CHgQAQAAIAAJ&dq=subject:Psychologie&hl=&as_pt=BOOKS&cd=22&source=gbs_api";"http://books.google.fr/books?id=CHgQAQAAIAAJ&dq=subject:Psychologie&hl=&as_pt=BOOKS&source=gbs_api";"https://books.google.com/books/about/Psychologie_de_l_esth%C3%A9tique.html?hl=&id=CHgQAQAAIAAJ";NA;NA;FALSE;FALSE;"http://books.google.com/books/content?id=CHgQAQAAIAAJ&printsec=frontcover&img=1&zoom=5&source=gbs_api";"http://books.google.com/books/content?id=CHgQAQAAIAAJ&printsec=frontcover&img=1&zoom=1&source=gbs_api";NA;NA
"23";"Étendue et psychologie chez Malebranche";NA;"Martial Guéroult";NA;"1939";NA;115;"BOOK";"Psychologie";"NOT_MATURE";FALSE;"preview-1.0.0";"fr";"http://books.google.fr/books?id=15kAAAAAMAAJ&dq=subject:Psychologie&hl=&as_pt=BOOKS&cd=23&source=gbs_api";"http://books.google.fr/books?id=15kAAAAAMAAJ&dq=subject:Psychologie&hl=&as_pt=BOOKS&source=gbs_api";"https://books.google.com/books/about/%C3%89tendue_et_psychologie_chez_Malebranche.html?hl=&id=15kAAAAAMAAJ";NA;NA;FALSE;FALSE;"http://books.google.com/books/content?id=15kAAAAAMAAJ&printsec=frontcover&img=1&zoom=5&source=gbs_api";"http://books.google.com/books/content?id=15kAAAAAMAAJ&printsec=frontcover&img=1&zoom=1&source=gbs_api";NA;NA
"24";"Les fonctions psychologiques et les œuvres";NA;"Ignace Meyerson";NA;"1948";NA;223;"BOOK";"Human beings";"NOT_MATURE";FALSE;"0.0.1.0.preview.0";"fr";"http://books.google.fr/books?id=s_QMAAAAIAAJ&dq=subject:Psychologie&hl=&as_pt=BOOKS&cd=24&source=gbs_api";"http://books.google.fr/books?id=s_QMAAAAIAAJ&dq=subject:Psychologie&hl=&as_pt=BOOKS&source=gbs_api";"https://books.google.com/books/about/Les_fonctions_psychologiques_et_les_%C5%93uv.html?hl=&id=s_QMAAAAIAAJ";NA;NA;FALSE;FALSE;"http://books.google.com/books/content?id=s_QMAAAAIAAJ&printsec=frontcover&img=1&zoom=5&source=gbs_api";"http://books.google.com/books/content?id=s_QMAAAAIAAJ&printsec=frontcover&img=1&zoom=1&source=gbs_api";NA;NA
"25";"Psychologie éducation";"essais et conférences ...";"Albert Millot";NA;"1931";NA;260;"BOOK";"Comportement humain";"NOT_MATURE";FALSE;"0.1.1.0.preview.0";"fr";"http://books.google.fr/books?id=w79BAAAAIAAJ&dq=subject:Psychologie&hl=&as_pt=BOOKS&cd=25&source=gbs_api";"http://books.google.fr/books?id=w79BAAAAIAAJ&dq=subject:Psychologie&hl=&as_pt=BOOKS&source=gbs_api";"https://books.google.com/books/about/Psychologie_%C3%A9ducation.html?hl=&id=w79BAAAAIAAJ";NA;NA;FALSE;FALSE;"http://books.google.com/books/content?id=w79BAAAAIAAJ&printsec=frontcover&img=1&zoom=5&source=gbs_api";"http://books.google.com/books/content?id=w79BAAAAIAAJ&printsec=frontcover&img=1&zoom=1&source=gbs_api";NA;NA
"26";"Le beau voyage";"itinéraire de Paris aux frontières de Jérusalem";"Maurice Pradines";NA;"1982";NA;149;"BOOK";"Morale";"NOT_MATURE";FALSE;"1.1.1.0.preview.0";"fr";"http://books.google.fr/books?id=_xGRBHTbYLEC&dq=subject:Psychologie&hl=&as_pt=BOOKS&cd=26&source=gbs_api";"http://books.google.fr/books?id=_xGRBHTbYLEC&dq=subject:Psychologie&hl=&as_pt=BOOKS&source=gbs_api";"https://books.google.com/books/about/Le_beau_voyage.html?hl=&id=_xGRBHTbYLEC";NA;NA;FALSE;FALSE;"http://books.google.com/books/content?id=_xGRBHTbYLEC&printsec=frontcover&img=1&zoom=5&source=gbs_api";"http://books.google.com/books/content?id=_xGRBHTbYLEC&printsec=frontcover&img=1&zoom=1&source=gbs_api";NA;NA
"27";"Psychologie physiologique";NA;"Clifford Thomas Morgan";NA;"1949";NA;810;"BOOK";"Psychologie";"NOT_MATURE";FALSE;"1.1.1.0.preview.0";"fr";"http://books.google.fr/books?id=0LYLAQAAIAAJ&dq=subject:Psychologie&hl=&as_pt=BOOKS&cd=27&source=gbs_api";"http://books.google.fr/books?id=0LYLAQAAIAAJ&dq=subject:Psychologie&hl=&as_pt=BOOKS&source=gbs_api";"https://books.google.com/books/about/Psychologie_physiologique.html?hl=&id=0LYLAQAAIAAJ";NA;NA;FALSE;FALSE;"http://books.google.com/books/content?id=0LYLAQAAIAAJ&printsec=frontcover&img=1&zoom=5&source=gbs_api";"http://books.google.com/books/content?id=0LYLAQAAIAAJ&printsec=frontcover&img=1&zoom=1&source=gbs_api";NA;NA
"28";"Manuel de psychologie pour l'enseignement";NA;"Daniel Gaonac'h,Caroline Golder";"Hachette";"1995";"La psychologie de l'enfant et de l'adolescent pour les enseignants, de l'école primaire au baccalauréat, ou comment se rendre compte que l'enfant est une personne et en tenir compte dans son enseignement.";576;"BOOK";"";"NOT_MATURE";FALSE;"preview-1.0.0";"fr";"http://books.google.fr/books?id=PTPnHAAACAAJ&dq=subject:Psychologie&hl=&as_pt=BOOKS&cd=28&source=gbs_api";"http://books.google.fr/books?id=PTPnHAAACAAJ&dq=subject:Psychologie&hl=&as_pt=BOOKS&source=gbs_api";"https://books.google.com/books/about/Manuel_de_psychologie_pour_l_enseignemen.html?hl=&id=PTPnHAAACAAJ";NA;NA;FALSE;FALSE;NA;NA;NA;NA
"29";"Dictionnaire de psychologie en trois langues";"Francais : Allemand : Anglais";"Hubertus Carl Johannes Duijker,Maria J. van Rijswijk,International Union of Psychological Science";"Hogrefe & Huber Publishing";"1975";"Listing of equivalent psychological terms in English, French, and German. Also includes abbreviations, e.g., ACTH. Synonyms are indicated. Spelling is according to American usage. No definitions or pronunciations.";342;"BOOK";"Psychology";"NOT_MATURE";FALSE;"preview-1.0.0";"en";"http://books.google.fr/books?id=N2dqAAAAMAAJ&dq=subject:Psychologie&hl=&as_pt=BOOKS&cd=29&source=gbs_api";"http://books.google.fr/books?id=N2dqAAAAMAAJ&dq=subject:Psychologie&hl=&as_pt=BOOKS&source=gbs_api";"https://books.google.com/books/about/Dictionnaire_de_psychologie_en_trois_lan.html?hl=&id=N2dqAAAAMAAJ";NA;NA;FALSE;FALSE;NA;NA;NA;NA
"30";"S'asseoir-- pour se regarder marcher";"fantasmes et formation des enseignants";"Michel Lecointe";NA;"1981";"Synthèse rédigée à partir d'une thèse de 3e cycle. Sous forme d'un itinéraire de recherche et en faisant état de son cheminement, l'auteur propose un essai critique sur la formation des enseignants. Trois parties: Approche théorique et pratique autour de deux pôles: l'inconscient ou l'affectif et l'institution; revue des théories, assaisonnée de récits -- Enquête -- Points de repères pédagogiques et propositions concernant la formation des enseignants.";255;"BOOK";"Affectivite";"NOT_MATURE";FALSE;"preview-1.0.0";"fr";"http://books.google.fr/books?id=UUBgHQAACAAJ&dq=subject:Psychologie&hl=&as_pt=BOOKS&cd=30&source=gbs_api";"http://books.google.fr/books?id=UUBgHQAACAAJ&dq=subject:Psychologie&hl=&as_pt=BOOKS&source=gbs_api";"https://books.google.com/books/about/S_asseoir_pour_se_regarder_marcher.html?hl=&id=UUBgHQAACAAJ";NA;NA;FALSE;FALSE;NA;NA;NA;NA
"31";"Les voies étonnantes de la nouvelle psychologie";NA;"Pierre Daco";NA;"1982";"Un passionnant voyage à travers une psychologie audacieuse. Les mutations actuelles du monde provoquent les nouvelles formes d'appel vers la psychologie, lui conférant une importance rarement connue. Les critères traditionnels sont en voie de disparition et chacun doit se situer face à d'autres valeurs. Tout porte à croire que l'humanité monte vers une spiritualisation progressive. Pierre Daco nous parle ici non seulement de psychologie et d'éducation nouvelles, mais également d'alchimie, de physique moderne, de matière, d'esprit.";352;"BOOK";"Psychology";"NOT_MATURE";FALSE;"preview-1.0.0";"fr";"http://books.google.fr/books?id=9Np1GwAACAAJ&dq=subject:Psychologie&hl=&as_pt=BOOKS&cd=31&source=gbs_api";"http://books.google.fr/books?id=9Np1GwAACAAJ&dq=subject:Psychologie&hl=&as_pt=BOOKS&source=gbs_api";"https://books.google.com/books/about/Les_voies_%C3%A9tonnantes_de_la_nouvelle_psy.html?hl=&id=9Np1GwAACAAJ";NA;NA;FALSE;FALSE;NA;NA;NA;NA
"32";"Agir ensemble";"l'action didactique conjointe du professeur et des élèves";"Gérard Sensevy,Alain Mercier";"PU Rennes";"2007";"Comment décrire d'une manière rigoureuse et heuristique le travail du professeur avec les élèves ? Comment, donc, penser l'enseignement et l'apprentissage dans leur solidarité ? En quoi les savoirs dont le professeur veut instruire les élèves donnent-ils leurs formes aux transactions didactiques? Le livre entend traiter de ces questions, en offrant une vue d'ensemble d'une approche "" actionnelle "" de l'enseignement et de l'apprentissage dans les classes, et en proposant à la discussion à ta fois des positions épistémologiques, des outils théoriques, et des méthodes d'investigation empirique. Cet ouvrage s'adresse aux chercheurs: en didactique des disciplines - dont ceux qui s'intéressent aux approches comparatistes dans le champ didactique, en sciences de l'éducation, et plus généralement à tous ceux, qui, dans les sciences de l'homme et de la société, s'intéressent à l'étude de l'agir, en particulier dans les situations éducatives. Il concerne aussi les étudiants en didactique des disciplines et en sciences de l'éducation, plus particulièrement au niveau du master et du doctorat. Il leur offre une introduction à certains concepts fondamentaux de l'approche didactique et une initiation à ses problématiques actuelles.";225;"BOOK";"Interaction en éducation";"NOT_MATURE";FALSE;"preview-1.0.0";"fr";"http://books.google.fr/books?id=zCjbPAAACAAJ&dq=subject:Psychologie&hl=&as_pt=BOOKS&cd=32&source=gbs_api";"http://books.google.fr/books?id=zCjbPAAACAAJ&dq=subject:Psychologie&hl=&as_pt=BOOKS&source=gbs_api";"https://books.google.com/books/about/Agir_ensemble.html?hl=&id=zCjbPAAACAAJ";NA;NA;FALSE;FALSE;NA;NA;NA;NA
"33";"Psychologie en Direct";NA;"Karen Huffman";"Modulo-Griffon";"2014-04";"Mise à jour adaptée à la réalité des étudiants du cours Initiation àla psychologie, cette 4e édition de Psychologie en direct s'adresse à toute personne s'intéressant àla psychologie. Illustré avec des exemples bien choisis, ce texte clair et concis favorise l'application des concepts à la réalité de tout les jours. Comprenant un glossaire, des autoévaluations ry frd cartes comceptuelles, l'ouvrage revient enrichi de nouvelles caractéristiques favorisant un apprentissage actif, uneconsolidation de la pensée critique et la réussite scolaire.";364;"BOOK";"Psychology";"NOT_MATURE";FALSE;"preview-1.0.0";"fr";"http://books.google.fr/books?id=MNXloAEACAAJ&dq=subject:Psychologie&hl=&as_pt=BOOKS&cd=33&source=gbs_api";"http://books.google.fr/books?id=MNXloAEACAAJ&dq=subject:Psychologie&hl=&as_pt=BOOKS&source=gbs_api";"https://books.google.com/books/about/Psychologie_en_Direct.html?hl=&id=MNXloAEACAAJ";NA;NA;FALSE;FALSE;NA;NA;NA;NA
"34";"Se guérir de la sottise";NA;"Lucien Auger";"Montréal : Centre interdisciplinaire de Montréal";"1982-01-01";"Un petit livre de sagesse, écrit simplement, à la portée d'un large public. Dans sa démarche vers le bonheur, chacun fait ses faux-pas, malgré les conseils des aînés. L'auteur analyse et dénonce une trentaine de ""sottises"", ce qui constitue autant de petits chapitres concrets et propices à la réflexion.";111;"BOOK";"Attitude (Psychologie)";"NOT_MATURE";FALSE;"preview-1.0.0";"fr";"http://books.google.fr/books?id=ZSqQAAAACAAJ&dq=subject:Psychologie&hl=&as_pt=BOOKS&cd=34&source=gbs_api";"http://books.google.fr/books?id=ZSqQAAAACAAJ&dq=subject:Psychologie&hl=&as_pt=BOOKS&source=gbs_api";"https://books.google.com/books/about/Se_gu%C3%A9rir_de_la_sottise.html?hl=&id=ZSqQAAAACAAJ";NA;NA;FALSE;FALSE;NA;NA;NA;NA
"35";"La pensée constructive et le bon sens";NA;"Raymond Vincent";"[Montréal] : Le Jour";"1981";"L'auteur expose les principes et les techniques de la ""pensée constructive"". Il s'agit du potentiel, souvent ignoré et inexploité, qui existe dans le subconscient de chaque individu. Divers phénomènes basés sur le psychisme sont passés en revue: visualisation, autosuggestion, méditation créatrice, répétition, programmation des rêves, orientation du sommeil naturel, l'influence à distance, la télépathie. L'auteur parle de ""foi scientifique"" et de ""prière scientifique.""";147;"BOOK";"Common sense";"NOT_MATURE";FALSE;"preview-1.0.0";"fr";"http://books.google.fr/books?id=uwLjAAAACAAJ&dq=subject:Psychologie&hl=&as_pt=BOOKS&cd=35&source=gbs_api";"http://books.google.fr/books?id=uwLjAAAACAAJ&dq=subject:Psychologie&hl=&as_pt=BOOKS&source=gbs_api";"https://books.google.com/books/about/La_pens%C3%A9e_constructive_et_le_bon_sens.html?hl=&id=uwLjAAAACAAJ";NA;NA;FALSE;FALSE;NA;NA;NA;NA
"36";"Introduction à la psychologie";NA;"Rita L.. Atkinson,David Bélanger";"Montréal : Études vivantes";"1987";"Très bon manuel présenté avec clarté et méthodologie. Nombreuses illustrations, résumé à la fin de chaque chapitre. C'est la traduction d'un manuel américain plusieurs fois réédité et amélioré depuis 1953. Cette édition a été l'objet d'une révision importante.";788;"BOOK";"Psychologie";"NOT_MATURE";FALSE;"preview-1.0.0";"fr";"http://books.google.fr/books?id=rszpAAAACAAJ&dq=subject:Psychologie&hl=&as_pt=BOOKS&cd=36&source=gbs_api";"http://books.google.fr/books?id=rszpAAAACAAJ&dq=subject:Psychologie&hl=&as_pt=BOOKS&source=gbs_api";"https://books.google.com/books/about/Introduction_%C3%A0_la_psychologie.html?hl=&id=rszpAAAACAAJ";NA;NA;FALSE;FALSE;NA;NA;NA;NA
"37";"Gestalt thérapie: vers une théorie du Self: nouveauté, excitation et croissance";NA;"Frederick S. Perls,Hefferline, Ralph E,Paul Goodman";"[Montréal] : Stanké";"1979";NA;291;"BOOK";"Gestalt psychology";"NOT_MATURE";FALSE;"preview-1.0.0";"fr";"http://books.google.fr/books?id=omLnGwAACAAJ&dq=subject:Psychologie&hl=&as_pt=BOOKS&cd=37&source=gbs_api";"http://books.google.fr/books?id=omLnGwAACAAJ&dq=subject:Psychologie&hl=&as_pt=BOOKS&source=gbs_api";"https://books.google.com/books/about/Gestalt_th%C3%A9rapie_vers_une_th%C3%A9orie_du_S.html?hl=&id=omLnGwAACAAJ";NA;NA;FALSE;FALSE;NA;NA;NA;NA
"38";"Nouveau traité de psychologie. 4. Les fonctions et les lois générales";NA;"";NA;"1934";NA;528;"BOOK";"";"NOT_MATURE";FALSE;"preview-1.0.0";"en";"http://books.google.fr/books?id=v3tMMQAACAAJ&dq=subject:Psychologie&hl=&as_pt=BOOKS&cd=38&source=gbs_api";"http://books.google.fr/books?id=v3tMMQAACAAJ&dq=subject:Psychologie&hl=&as_pt=BOOKS&source=gbs_api";"https://books.google.com/books/about/Nouveau_trait%C3%A9_de_psychologie_4_Les_fon.html?hl=&id=v3tMMQAACAAJ";NA;NA;FALSE;FALSE;NA;NA;FALSE;FALSE
"39";"Développements récents en droit de la santé mentale (1998)";NA;"";NA;"1998";NA;299;"BOOK";"Insane, Criminal and dangerous";"NOT_MATURE";FALSE;"preview-1.0.0";"en";"http://books.google.fr/books?id=z4_otAEACAAJ&dq=subject:Psychologie&hl=&as_pt=BOOKS&cd=39&source=gbs_api";"http://books.google.fr/books?id=z4_otAEACAAJ&dq=subject:Psychologie&hl=&as_pt=BOOKS&source=gbs_api";"https://books.google.com/books/about/D%C3%A9veloppements_r%C3%A9cents_en_droit_de_la.html?hl=&id=z4_otAEACAAJ";NA;NA;FALSE;FALSE;NA;NA;FALSE;FALSE
"40";"La psychologie morale";NA;"Pierre Moessinger";"Presses Universitaires de France - PUF";"1989-01-01";NA;127;"BOOK";"Morale";"NOT_MATURE";FALSE;"preview-1.0.0";"en";"http://books.google.fr/books?id=WLrwSQAACAAJ&dq=subject:Psychologie&hl=&as_pt=BOOKS&cd=40&source=gbs_api";"http://books.google.fr/books?id=WLrwSQAACAAJ&dq=subject:Psychologie&hl=&as_pt=BOOKS&source=gbs_api";"https://books.google.com/books/about/La_psychologie_morale.html?hl=&id=WLrwSQAACAAJ";NA;NA;FALSE;FALSE;NA;NA;NA;NA
"41";"Introduction à la psychologie";"les grands thèmes";"Carole Wade,Jacques Shewchuck,Carol Tavris";"Saint-Laurent, Québec : Éditions du Renouveau pédagogique";"2002-01";"Ce manuel présente les grands thèmes de la psychologie contemporaine. Tout au long des chapitres, les auteurs présentent les concepts de façon rigoureuse, en ayant pour but de développer chez les étudiants un mode de pensée critique. Le style d'écriture clair et accessible de même que les différentes rubriques pratiques interpellent les étudiants et favorisent leur compréhension. Les auteurs ont également pris soin d'actualiser certains thèmes à la lumière des dernières avancées de la recherche. L'approche pédagogique utilisée met l'accent sur l'implication des étudiants dans l'apprentissage de la matière afin de favoriser leur compréhension. Ainsi, les auteurs proposent : - des rubriques ""Soyez critique"" intégrées aux explications afin que les étudiants réfléchissent à ce qu'ils étudient ; - des rubriques ""Exploration"" proposant des expériences ou mini-cas qui favorisent la compréhension et l'assimilation des concepts ; - des rubriques ""La psychologie et vous"", en fin de chapitre, illustrant les implications pratiques des recherches en psychologie ; - des chapitres structurés. Au début de chacun des chapitres, on trouve des questions annonçant la matière qui sera à l'étude et un retour est fait à la fin du chapitre afin de valider les acquis des étudiants ; - Plusieurs outils pédagogiques tels : des graphiques conceptuels (les étudiants visualisent les concepts), des tableaux de révision (synthétisent et comparent les concepts), des mini-tests (vérifient la compréhension des étudiants), des définitions en marge, un glossaire, et des résumés de chapitre. - Un compagnon Web donne accès à des questions supplémentaires, des liens commentés et offre des exercices interactifs en ligne. www.erpi.com/wade";450;"BOOK";"Psychology";"NOT_MATURE";FALSE;"preview-1.0.0";"en";"http://books.google.fr/books?id=bUgWAQAACAAJ&dq=subject:Psychologie&hl=&as_pt=BOOKS&cd=41&source=gbs_api";"http://books.google.fr/books?id=bUgWAQAACAAJ&dq=subject:Psychologie&hl=&as_pt=BOOKS&source=gbs_api";"https://books.google.com/books/about/Introduction_%C3%A0_la_psychologie.html?hl=&id=bUgWAQAACAAJ";NA;NA;FALSE;FALSE;NA;NA;NA;NA
"42";"Introduction a la Psychologie";"Approches Contemporaines";"Robert S. Feldman,François Cauchy,Sylvain Giroux";"Saint-Laurent, Québec : McGraw-Hill";"1994";NA;651;"BOOK";"Psychologie";"NOT_MATURE";FALSE;"preview-1.0.0";"en";"http://books.google.fr/books?id=y7g4NAAACAAJ&dq=subject:Psychologie&hl=&as_pt=BOOKS&cd=42&source=gbs_api";"http://books.google.fr/books?id=y7g4NAAACAAJ&dq=subject:Psychologie&hl=&as_pt=BOOKS&source=gbs_api";"https://books.google.com/books/about/Introduction_a_la_Psychologie.html?hl=&id=y7g4NAAACAAJ";NA;NA;FALSE;FALSE;NA;NA;NA;NA
"43";"À la découverte de la psychologie";NA;"Dennis Coon,Daniel Mimeault";"[Repentigny, Québec] : Éditions R. Goulet";"2005";NA;378;"BOOK";"Psychologie";"NOT_MATURE";FALSE;"preview-1.0.0";"en";"http://books.google.fr/books?id=5OJfPgAACAAJ&dq=subject:Psychologie&hl=&as_pt=BOOKS&cd=43&source=gbs_api";"http://books.google.fr/books?id=5OJfPgAACAAJ&dq=subject:Psychologie&hl=&as_pt=BOOKS&source=gbs_api";"https://books.google.com/books/about/%C3%80_la_d%C3%A9couverte_de_la_psychologie.html?hl=&id=5OJfPgAACAAJ";NA;NA;FALSE;FALSE;NA;NA;NA;NA
"44";"Motivez les gens à agir";NA;"Conklin, Robert";"Saint-Hubert [Québec] : Éditions Un Monde différent";"1984";NA;298;"BOOK";"Emotions";"NOT_MATURE";FALSE;"preview-1.0.0";"fr";"http://books.google.fr/books?id=bYhzAAAACAAJ&dq=subject:Psychologie&hl=&as_pt=BOOKS&cd=44&source=gbs_api";"http://books.google.fr/books?id=bYhzAAAACAAJ&dq=subject:Psychologie&hl=&as_pt=BOOKS&source=gbs_api";"https://books.google.com/books/about/Motivez_les_gens_%C3%A0_agir.html?hl=&id=bYhzAAAACAAJ";NA;NA;FALSE;FALSE;NA;NA;NA;NA
"45";"Les fondements de la psychologie sociale";NA;"Robert J. Vallerand";"Boucherville, Québec : G. Morin";"1994-01-01";"Adoptant une demarche scientifique rigoureuse mais neanmoins accessible aux debutants, cet ouvrage original dresse un panorama de la psychologie sociale contemporaine et en expose les fondements. Outre qu'il decrit les resultats des dernieres recherches effectuees dans le domaine, l'ouvrage presente les principaux phenomenes et les theories de base de la psychologie sociale.";888;"BOOK";"Comportement d'aide";"NOT_MATURE";FALSE;"preview-1.0.0";"fr";"http://books.google.fr/books?id=pgrqAAAACAAJ&dq=subject:Psychologie&hl=&as_pt=BOOKS&cd=45&source=gbs_api";"http://books.google.fr/books?id=pgrqAAAACAAJ&dq=subject:Psychologie&hl=&as_pt=BOOKS&source=gbs_api";"https://books.google.com/books/about/Les_fondements_de_la_psychologie_sociale.html?hl=&id=pgrqAAAACAAJ";NA;NA;FALSE;FALSE;NA;NA;NA;NA
"46";"Psychologie générale";NA;"Spencer A. Rathus";"Laval, Québec : Éditions Études vivantes";"2000";NA;374;"BOOK";"Psychologie";"NOT_MATURE";FALSE;"preview-1.0.0";"en";"http://books.google.fr/books?id=5xfLAQAACAAJ&dq=subject:Psychologie&hl=&as_pt=BOOKS&cd=46&source=gbs_api";"http://books.google.fr/books?id=5xfLAQAACAAJ&dq=subject:Psychologie&hl=&as_pt=BOOKS&source=gbs_api";"https://books.google.com/books/about/Psychologie_g%C3%A9n%C3%A9rale.html?hl=&id=5xfLAQAACAAJ";NA;NA;FALSE;FALSE;NA;NA;FALSE;FALSE
"47";"Une peau pour les pensées";"entretiens de Didier Anzieu avec Gilbert Tarrab sur la psychologie et la psychanalyse";"Didier Anzieu,Gilbert Tarrab";NA;"1986";NA;187;"BOOK";"Psychanalyse";"NOT_MATURE";FALSE;"preview-1.0.0";"fr";"http://books.google.fr/books?id=jcRRGwAACAAJ&dq=subject:Psychologie&hl=&as_pt=BOOKS&cd=47&source=gbs_api";"http://books.google.fr/books?id=jcRRGwAACAAJ&dq=subject:Psychologie&hl=&as_pt=BOOKS&source=gbs_api";"https://books.google.com/books/about/Une_peau_pour_les_pens%C3%A9es.html?hl=&id=jcRRGwAACAAJ";NA;NA;FALSE;FALSE;NA;NA;NA;NA
"48";"Les gauchers";"prévalence manuelle et dominance cérébrale";"Henry Hécaen,Julián de Ajuriaguerra";NA;"1963";NA;171;"BOOK";"Cerveau - Localisation cérébrale";"NOT_MATURE";FALSE;"preview-1.0.0";"en";"http://books.google.fr/books?id=v3RxQgAACAAJ&dq=subject:Psychologie&hl=&as_pt=BOOKS&cd=48&source=gbs_api";"http://books.google.fr/books?id=v3RxQgAACAAJ&dq=subject:Psychologie&hl=&as_pt=BOOKS&source=gbs_api";"https://books.google.com/books/about/Les_gauchers.html?hl=&id=v3RxQgAACAAJ";NA;NA;FALSE;FALSE;NA;NA;NA;NA
"49";"Psychologie cognitive de la planification";NA;"Jean-Michel Hoc";"PUG";"1987";NA;197;"BOOK";"Artificial intelligence";"NOT_MATURE";FALSE;"preview-1.0.0";"en";"http://books.google.fr/books?id=5aogAAAACAAJ&dq=subject:Psychologie&hl=&as_pt=BOOKS&cd=49&source=gbs_api";"http://books.google.fr/books?id=5aogAAAACAAJ&dq=subject:Psychologie&hl=&as_pt=BOOKS&source=gbs_api";"https://books.google.com/books/about/Psychologie_cognitive_de_la_planificatio.html?hl=&id=5aogAAAACAAJ";NA;NA;FALSE;FALSE;NA;NA;NA;NA
"50";"Introduction à la psychologie";NA;"Morgan, Clifford Thomas";"Montréal : McGraw-Hill";"1976";NA;452;"BOOK";"Psychologie";"NOT_MATURE";FALSE;"preview-1.0.0";"en";"http://books.google.fr/books?id=g7LnZwEACAAJ&dq=subject:Psychologie&hl=&as_pt=BOOKS&cd=50&source=gbs_api";"http://books.google.fr/books?id=g7LnZwEACAAJ&dq=subject:Psychologie&hl=&as_pt=BOOKS&source=gbs_api";"https://books.google.com/books/about/Introduction_%C3%A0_la_psychologie.html?hl=&id=g7LnZwEACAAJ";NA;NA;FALSE;FALSE;NA;NA;NA;NA
"51";"Les trois matières";NA;"Stéphane Lupasco";NA;"1982";NA;171;"BOOK";"Force and energy";"NOT_MATURE";FALSE;"preview-1.0.0";"en";"http://books.google.fr/books?id=1cDpswEACAAJ&dq=subject:Psychologie&hl=&as_pt=BOOKS&cd=51&source=gbs_api";"http://books.google.fr/books?id=1cDpswEACAAJ&dq=subject:Psychologie&hl=&as_pt=BOOKS&source=gbs_api";"https://books.google.com/books/about/Les_trois_mati%C3%A8res.html?hl=&id=1cDpswEACAAJ";NA;NA;FALSE;FALSE;NA;NA;FALSE;FALSE
"52";"Psychologie";NA;"Piaget";NA;"1986";NA;1960;"BOOK";"";"NOT_MATURE";FALSE;"preview-1.0.0";"en";"http://books.google.fr/books?id=TgPOMQEACAAJ&dq=subject:Psychologie&hl=&as_pt=BOOKS&cd=52&source=gbs_api";"http://books.google.fr/books?id=TgPOMQEACAAJ&dq=subject:Psychologie&hl=&as_pt=BOOKS&source=gbs_api";"https://books.google.com/books/about/Psychologie.html?hl=&id=TgPOMQEACAAJ";NA;NA;FALSE;FALSE;NA;NA;NA;NA
"53";"Temps de la reflexion 1982";NA;"";NA;"1982";NA;497;"BOOK";"";"NOT_MATURE";FALSE;"preview-1.0.0";"en";"http://books.google.fr/books?id=47nbAQAACAAJ&dq=subject:Psychologie&hl=&as_pt=BOOKS&cd=53&source=gbs_api";"http://books.google.fr/books?id=47nbAQAACAAJ&dq=subject:Psychologie&hl=&as_pt=BOOKS&source=gbs_api";"https://books.google.com/books/about/Temps_de_la_reflexion_1982.html?hl=&id=47nbAQAACAAJ";NA;NA;FALSE;FALSE;NA;NA;FALSE;FALSE
"54";"La Gestalt";"nouvelles perspectives théoriques et choix thérapeutiques et éducatifs";"Erving Polster,Miriam Polster";"[Montréal] : Le Jour";"1983";NA;326;"BOOK";"Gestalt therapy";"NOT_MATURE";FALSE;"preview-1.0.0";"en";"http://books.google.fr/books?id=eMDePAAACAAJ&dq=subject:Psychologie&hl=&as_pt=BOOKS&cd=54&source=gbs_api";"http://books.google.fr/books?id=eMDePAAACAAJ&dq=subject:Psychologie&hl=&as_pt=BOOKS&source=gbs_api";"https://books.google.com/books/about/La_Gestalt.html?hl=&id=eMDePAAACAAJ";NA;NA;FALSE;FALSE;NA;NA;NA;NA
"55";"La Stimulation psychomotrice du nourrisson";"une contribution à l'éducation précoce";"Henri Herren,M. P. Herren";NA;"1980";NA;102;"BOOK";"Aptitude";"NOT_MATURE";FALSE;"preview-1.0.0";"fr";"http://books.google.fr/books?id=FAu1AAAACAAJ&dq=subject:Psychologie&hl=&as_pt=BOOKS&cd=55&source=gbs_api";"http://books.google.fr/books?id=FAu1AAAACAAJ&dq=subject:Psychologie&hl=&as_pt=BOOKS&source=gbs_api";"https://books.google.com/books/about/La_Stimulation_psychomotrice_du_nourriss.html?hl=&id=FAu1AAAACAAJ";NA;NA;FALSE;FALSE;NA;NA;NA;NA
"56";"Papier mâché";NA;"Cheryl Owen,Steve Tanner";NA;"1994-09-01";"Plus de 70 créations aussi originales que faciles à réaliser. Des objets décoratifs charmants et... durables délicieux bougeoirs ornés de mosaïques, chaleureux tournesols en devant de cheminée, corne d'abondance garnie de fleurs séchées... Une foule d'idées de cadeaux pour ravir petits et grands : masques mystérieux, marionnettes et pantins, jardinières, bijoux, et même un jeu de tric-trac ! Des explications claires et précises, accompagnées d'illustrations détaillées étape par étape.";123;"BOOK";"Papier-mâché";"NOT_MATURE";FALSE;"preview-1.0.0";"en";"http://books.google.fr/books?id=daLNswEACAAJ&dq=subject:Psychologie&hl=&as_pt=BOOKS&cd=56&source=gbs_api";"http://books.google.fr/books?id=daLNswEACAAJ&dq=subject:Psychologie&hl=&as_pt=BOOKS&source=gbs_api";"https://books.google.com/books/about/Papier_m%C3%A2ch%C3%A9.html?hl=&id=daLNswEACAAJ";NA;NA;FALSE;FALSE;NA;NA;NA;NA
"57";"La machine à faire des dieux";"sociologie et psychologie";"Serge Moscovici";NA;"1988";NA;485;"BOOK";"Psychologie";"NOT_MATURE";FALSE;"preview-1.0.0";"fr";"http://books.google.fr/books?id=mcNyQgAACAAJ&dq=subject:Psychologie&hl=&as_pt=BOOKS&cd=57&source=gbs_api";"http://books.google.fr/books?id=mcNyQgAACAAJ&dq=subject:Psychologie&hl=&as_pt=BOOKS&source=gbs_api";"https://books.google.com/books/about/La_machine_%C3%A0_faire_des_dieux.html?hl=&id=mcNyQgAACAAJ";NA;NA;FALSE;FALSE;NA;NA;NA;NA
"58";"Histoire de la psychologie";"4e ed. ent. rev. et augm";"Fernand-Lucien Mueller";NA;"1976";NA;NA;"BOOK";"";"NOT_MATURE";FALSE;"preview-1.0.0";"en";"http://books.google.fr/books?id=lrzcPgAACAAJ&dq=subject:Psychologie&hl=&as_pt=BOOKS&cd=58&source=gbs_api";"http://books.google.fr/books?id=lrzcPgAACAAJ&dq=subject:Psychologie&hl=&as_pt=BOOKS&source=gbs_api";"https://books.google.com/books/about/Histoire_de_la_psychologie.html?hl=&id=lrzcPgAACAAJ";NA;NA;FALSE;FALSE;NA;NA;NA;NA
"59";"Merveilles et secrets de l'esprit humain : psychologie de la vie quotidienne";NA;"";"Montréal : Sélection du Reader's digest";"1992";NA;336;"BOOK";"Psychologie";"NOT_MATURE";FALSE;"preview-1.0.0";"en";"http://books.google.fr/books?id=YXT4AAAACAAJ&dq=subject:Psychologie&hl=&as_pt=BOOKS&cd=59&source=gbs_api";"http://books.google.fr/books?id=YXT4AAAACAAJ&dq=subject:Psychologie&hl=&as_pt=BOOKS&source=gbs_api";"https://books.google.com/books/about/Merveilles_et_secrets_de_l_esprit_humain.html?hl=&id=YXT4AAAACAAJ";NA;NA;FALSE;FALSE;NA;NA;NA;NA
"60";"La Psychologie";NA;"Maurice Reuchlin";NA;"1973";NA;61;"BOOK";"";"NOT_MATURE";FALSE;"preview-1.0.0";"en";"http://books.google.fr/books?id=FHDRAQAACAAJ&dq=subject:Psychologie&hl=&as_pt=BOOKS&cd=60&source=gbs_api";"http://books.google.fr/books?id=FHDRAQAACAAJ&dq=subject:Psychologie&hl=&as_pt=BOOKS&source=gbs_api";"https://books.google.com/books/about/La_Psychologie.html?hl=&id=FHDRAQAACAAJ";NA;NA;FALSE;FALSE;NA;NA;FALSE;FALSE
"61";"Moi & Cie";"décembre 2009";"";NA;NA;NA;130;"BOOK";"";"NOT_MATURE";FALSE;"preview-1.0.0";"en";"http://books.google.fr/books?id=xTg6vgAACAAJ&dq=subject:Psychologie&hl=&as_pt=BOOKS&cd=61&source=gbs_api";"http://books.google.fr/books?id=xTg6vgAACAAJ&dq=subject:Psychologie&hl=&as_pt=BOOKS&source=gbs_api";"https://books.google.com/books/about/Moi_Cie.html?hl=&id=xTg6vgAACAAJ";NA;NA;FALSE;FALSE;NA;NA;FALSE;FALSE
"62";"La Mort aujourd'hui";NA;"Louis-Vincent Thomas";NA;"1977";NA;274;"BOOK";"Anthropologie";"NOT_MATURE";FALSE;"preview-1.0.0";"en";"http://books.google.fr/books?id=dWRpswEACAAJ&dq=subject:Psychologie&hl=&as_pt=BOOKS&cd=62&source=gbs_api";"http://books.google.fr/books?id=dWRpswEACAAJ&dq=subject:Psychologie&hl=&as_pt=BOOKS&source=gbs_api";"https://books.google.com/books/about/La_Mort_aujourd_hui.html?hl=&id=dWRpswEACAAJ";NA;NA;FALSE;FALSE;NA;NA;FALSE;FALSE
"63";"Ecrits";"II.. Les fondements de la psychologie";"Georges Politzer";NA;"1981";NA;302;"BOOK";"Psychologie";"NOT_MATURE";FALSE;"preview-1.0.0";"en";"http://books.google.fr/books?id=EfjstAEACAAJ&dq=subject:Psychologie&hl=&as_pt=BOOKS&cd=63&source=gbs_api";"http://books.google.fr/books?id=EfjstAEACAAJ&dq=subject:Psychologie&hl=&as_pt=BOOKS&source=gbs_api";"https://books.google.com/books/about/Ecrits.html?hl=&id=EfjstAEACAAJ";NA;NA;FALSE;FALSE;NA;NA;FALSE;FALSE
"64";"Psychologie et marxisme";NA;"";NA;"1971";NA;248;"BOOK";"Communism";"NOT_MATURE";FALSE;"preview-1.0.0";"en";"http://books.google.fr/books?id=FJ-cNAAACAAJ&dq=subject:Psychologie&hl=&as_pt=BOOKS&cd=64&source=gbs_api";"http://books.google.fr/books?id=FJ-cNAAACAAJ&dq=subject:Psychologie&hl=&as_pt=BOOKS&source=gbs_api";"https://books.google.com/books/about/Psychologie_et_marxisme.html?hl=&id=FJ-cNAAACAAJ";NA;NA;FALSE;FALSE;NA;NA;NA;NA
